Comment Date,Comment
"Nov 4, 2013, 1:46:08 PM","Hi, actually it's hard to say because of the size depends on the brand and model. In general I am size of Large (Pearl Izumi). I am 187 cm and 85 kg.
."
"Nov 4, 2013, 2:47:44 PM","Thanks, I have couple of Pearl Izumi Attack Jersey 
http://www.pearlizumi.co.uk/sizing
My size is middle of L and XL, what do you think (too large is better than too small)?  What do you estimate for the price?"
"Nov 4, 2013, 2:51:36 PM","Is it too blowing (Churriana) right now for cycling (dangerous)? I will go to try, no speed limit ;)"
"Nov 4, 2013, 9:05:21 PM","You are right, XLmay be better for me, the price sounds good.
I haven't ride to the east of Malaga, but I would like to, from Churrianna it's too long road for me. Last year I was visiting here too, I made a trip to Rinc√≥n de la Victoria,I didn't like much go through the Malaga, too much traffic.

Dou you have MTB-bikes too? I have only MTB 26.x 2.2, where the ""name"" 22x28 comes?. 
May be next year I will come back (now I will stay 15.12, then I fly back to Finland) I will do the longer trips with few rests. Usually (almost every time) I don't stop at all when riding. 
Hasta luego..."
"Nov 5, 2013, 10:04:04 AM","Hi and thanks,
Actually I have never heard about 28"" mountain bike, ok I'm newbie, 1st MTB bought 2009
Nowadays as you know there is 26, 27, 29.
Previously, I was't enthusiastic about  the 29"" bikes, but now I'm a little bit more, possibly the  the next one is 29"".
I'm not sure I know the routes the Montes of Malaga, could you explain/inform the routes?
Last autum I did the following
http://www.strava.com/activities/27791743
Please inform when you do a route to Montes, before that I need more training/practices and ""testing"" the route ;)
The main reason of joining a club is to get some new routes. The main problem for the new routes is my location (Churriana) and capability not for the long trips."
"Nov 5, 2013, 1:39:14 PM","As I told I'm newbie ;)
I have front 44/34/22 and rear 11-12-14-16-18-21-24-28-32, so I have 22 x 28 ;)
Right now my gears are not perfect, Eurobike Churrinan has checked them couple of times, I think I should change the rear derailleur, it has about 14000km. Crankset , casette and chain has 5500km. Is it good to change chain too? Someone has told that crankset , casette and chain should change at the same time, what do you say?.

I have Continental Race King 2.2 for cr.
The route seems to be very challenging, is the possibility to go wrong way (get lost)?
It's possible that it will be my goal one day. I was planning that A7000 would be a main goal.
But as I told I would like to find nad try new routes and experiences."
"Nov 5, 2013, 8:16:08 PM",Fighting against the wind
"Nov 5, 2013, 8:47:12 PM","Transmission is ok, 3000-5000km more. the rear derailleur is not very bad but I would like that every gear change will succeed, now there is missing changes. As I told Eurobike did maintenance twice cleaning and adjusting, but it not worked much.Second time I gave them new rear derailleur hanger, it helped a little bit, so the reasin must be  the derailleur, which is old and lazy and not working exact.when is needed ;)
Race King is pretty good and X-King too (which I have in Finland). I have done few times Almogia route. By the El Nunes I can't recommend. Thanks your time and Saludo ;)"
"Nov 6, 2013, 7:10:53 PM",Muchas gracias
"Nov 8, 2013, 9:01:43 PM","Walking with the bike back to the starting point  (approx. 9.5 km), bueno ;)"
"Nov 23, 2013, 6:01:05 PM","Thanks for the reply, yes it has to be a mistake, I will check this route one day. Have a nice weekend."
"Nov 25, 2013, 4:02:26 PM","Nice to hear, I think that next time when I come to Malaga I will ride a little bit longer routes (and offroad) and ofcourse get to know those routes in the Natural Park. It's possible that I will come back in the next spring or  next autumn. ps. I took contact to Strava support and they thought that their elevation database is probably not accurate for that area."
"Nov 26, 2013, 2:39:16 AM","Hi P,
Is it possible you to send me a 22x28 Jersey when you have it (size XL) to Finland? I can wait for a long, because in Finland we have winter snow and ice, so not need for a Jersey until next spring.
I will leave Malaga 15.12.2013, my plan is to continue cycling with winter tyres 
http://www.bike-discount.de/shop/k1040/a87980/ice-spiker-304-spikes-21-wire.html

Best Regards 
Timo"
"Nov 26, 2013, 10:27:00 AM","Hi Pedro,
Fine, you will let me know when you get the jersey and will ask my address to Finland.
In the winter it is such cold and quite dark (extreme conditions), so my tracks are quite short and not very interesting.
In addition snow and ice make the roads quite slippery, but with the winter tyres I will do fine.
Anyway in Finland cycling is quite totally different (without the elevation/the mountains) than in Spain.

Actually I will quit ""regular"" cycling 5.12 for a while, my ""lady friend"" will come to Malaga for 6 days.
So I have holidays. By the way Finnish Independence Day is celebrated on 6.12 ;)
If weather and temperature is quite normal, I will do one a little bit longer route (possible to mountains), we'll see. If not possible then next year hopefully.

Happy cycling ;)"
"Nov 26, 2013, 4:45:56 PM","Yes I am pretty busy on December some things to do and meet some people in Fuengirola before leaving. 
Hopefully we can do together a route (also to the mountain) when I come back to Malaga and I try to be in a good condition on that time.
Most likely I will come back end of September, but I will try in the spring in May.
Thanks, I will try to enjoy the last days and especially rides on some roads of Malaga.
Keep in touch, I will send email for you and tell my ""feelings"" after first winter ride before Christmas, can't wait the winter ride, not really ;)"
"Nov 29, 2013, 8:51:47 AM","Hi rafa,
Don't worry ;) I am doing my very best right now and 2 hours maximum is optimal for me and I have had quite fast routes and roads.
In addition I have had a time to ride, I don't have work, actually I am mature student right now.
So I hope to get together offroad (and mountains), by myself I will get lost ;)
Last year at spring time I was here and had only one offroad, it was very breath-taking and hard  for me. Maybe I had too much weight after winter season;)"
"Dec 14, 2013, 7:28:34 PM","Thank you, hope to see and cycling in Malaga or in Tampere Finland ;)"
"Dec 14, 2013, 10:30:06 PM","Thanks 10.35 Norwegian flight, welcome to Tampere. To be honest riding here is musch more fun. But in winter  time it could be a new extreme experience for you, snow, ice and tempreratue 0 -30 degrees below zero. Happy riding,see/hear you ;) ps. Nice to be in a club ;)"
"Dec 19, 2013, 11:10:11 AM","Hi Pedro, quite strange feeling with the bike, bike geometry between Felt q920 2010 (Spain) and 2012 (Finland) is the same.
Ok,  the conditions with the winter tyres are the main reason for very strange feeling in the dark. Actually there is not a cold weather yet,
only few degrees below zero, not very hard to breathe. This is my 5th winter season ;) Last cycling period in Malaga was my best ever, 
but i feel now I can make even better ;)"
"Jan 10, 2014, 12:48:56 AM","Moro, k√§ym√§ss√§ Tampereella vai olitko k√§ym√§ss√§ Ranskassa? No t√§√§ll√§ nyt ""v√§h√§n"" erilaista. Renkaat ei tahdo kest√§√§ nyt (pieness√§ ajassa 4 rikkoa), joten nastarenkaat alla menn√§√§n jatkossa oli keli mik√§ hyv√§ns√§..."
"Jan 10, 2014, 10:09:01 AM","Ok. Joo turhaa olis ollut fillarin roudaaminen varsinkin jos/kun ei talvirenkaita, jotka mahd. kest√§√§ ""tappajasepelin"". Toissa viikolla meni samalla lenkill√§ 2 kumia, tosin ei ollut kuin yksi varakumi messiss√§...
T√§n√§√§n p√§√§see ensilumille, taitaa kuitenkin viel√§ sulaa pois ennen kuin vkl pakastaa.
ps.
Sorry uteluni (kun ei ihan tavallinen kuvio ;), mink√§ alan duunia teet?Et√§ty√∂mahdollisuus Tamperelaiseen firmaan? Vai onko tyt√§ryhti√∂ Ranskassa?
Jonniin verran erilaista tuo fillariharrastus etel√§ss√§ ;)
"
"Jan 14, 2014, 4:09:52 PM","No problem, actually there is not too much snow and road maintenance works quite well,  quite cold especially for fingers."
"Jan 15, 2014, 5:45:42 AM","Oli melkein arvattavissa ;) Joo olisihan se  mukava k√§yd√§ paratiisissa py√∂r√§ilem√§ss√§ ja vuorista pid√§n kyll√§. T√§√§ll√§ on nyt ollut pari p√§iv√§√§ aurinkoista pakkass√§√§t√§. Ei voi tehd√§ pitempi√§ vetoja kun varsinkin n√§pit j√§√§tyy, pit√§is hankkia toimiva ratkaisu t√§h√§n ongelmaan, ehdotuksia? Olen itsekin IT-alalla, tosin kun ei ole t√∂it√§ niin opiskelen ""uusia tempppuja"" et√§n√§, parhaillaan mobiiliohjelmointia OAMK:ssa.
Onhan t√§√§ muutenkin ala, joka vaatii jatkuvaa oppimista ja itsens√§ haastamista, koskaan ei ole valmis vaikka ik√§√§kin jo alkaa olla jo kohta puoli vuosisataa (tulee 49) ;)
Py√∂r√§ily on hyv√§√§ vastapainoa, paljon muutakin kuin kuntoilua ainakin minulle.
Laita maili -osoitteesi tai vastaa omaani niin voisin kys√§ist√§ viel√§ noista It-duuneista, en toki mit√§√§n salaisuuksia ;) 
t. timo.laakkonen@hotmail.com"
"Jan 17, 2014, 6:43:31 PM",Fortunately a knee is well ;)
"Feb 20, 2014, 7:20:58 PM","Hi Pedro, Yes I want size XL, when and how you  want the pay 70‚Ç¨? I will read the mail next time on sunday now I have to go ;)"
"Mar 1, 2014, 5:59:45 PM","Hi Pedro, believe
it or not I'm getting up to speed ;) I have Polar cs600x with gps and some disoder peak has took a place, not the first time. The average speed (distance divided by time) seems to be the same as calculated from GPS data ;)  I have a plan to buy a new gps and heartrate cyclocomputer some day, can you recommend one?garmin?"
"Mar 1, 2014, 6:29:44 PM","Ok, Garmin 510 could be the next one, You are right .there is not alternative to Garmin and the model 510 could be the most reasonable and has enough features."
"Mar 20, 2014, 6:25:37 PM","Thanks, waiting for new clothes and summer weather to wear them ;) there was raining snow today.  ps. M=Manuel? ;) "
"Apr 15, 2014, 8:45:41 PM","Hi Manuel, thanks for your message, yes I would like to be included to your (team) mailing list, I hope to learn 
some Spanish, I know my english is not perfect nor good enough. Happy riding ;)... you are doing very well. Hasta luego."
"Apr 15, 2014, 8:47:06 PM","I found you to find my old ride 16.9.2013, strange or not?"
"Apr 16, 2014, 5:38:26 PM","Ok, my email:  timo.laakkonen@hotmail.com"
"May 20, 2014, 6:23:35 PM","Hi, nice to know, I will give you an address later...and you will tell me the delivering costs.."
"May 22, 2014, 7:04:34 AM","Hi, thanks. Pedro sent me email yesterday. Are you the model in the picture?"
"May 22, 2014, 3:50:59 PM","Yes, very hot top model posing this summer's fashion clothing ;)"
"May 23, 2014, 6:32:00 AM",Yes indeed ;)
"May 31, 2014, 8:44:40 PM","Congratulations, great job tough guy..."
"Jul 22, 2014, 1:10:08 PM",n√§tti 6-kulmio
"Aug 7, 2014, 11:49:08 AM","Joo ihan ""normip√§iv√§"""
"Aug 9, 2014, 7:21:59 PM",http://www.iltalehti.fi/fiidifi/2014080918556783_fd.shtml
"Aug 26, 2014, 6:33:25 PM","Kiitos, jonniin verran parempaan p√§in menossa ;-)"
"May 7, 2015, 3:03:03 PM","En osaa sanoa vauhdista mit√§√§n, l√§hinn√§ yl√§- ja alam√§ke√§, hyvin jaksoi, mutta oli keskitytt√§v√§ kantap√§ihin, jotka nyt rakoilla..."
"May 20, 2015, 7:57:02 PM","Moro, vaikutat nyky√§√§n Espoossa (ja harrastat y√∂juoksua/-py√∂r√§ily√§), itse t√§√§ll√§ Churrianassa opettelen py√∂r√§ileen kun alkuvuosi meni muutaman kaatumisen j√§lkeen enemm√§n/v√§hemm√§n piloille, 9.6 takaisin Suomeen... Majatalo on nyt rauhallinen vain  muutama asukas ;) P√§√§asia ett√§ lepakoista ei huolta en√§√§ ;)"
"May 27, 2015, 8:16:54 PM","Varsinaista taidetta, hyvin n√§emm√§ kulkee..."
"May 27, 2015, 8:56:38 PM",No sit√§ sohlausta tosiaankin keskustassa ajelu on. Meinaatko ajaa saman reitin viel√§ joku p√§iv√§ ;)
"May 27, 2015, 9:20:06 PM","Osaisitkokaan, joku voisi ihmetell√§ ett√§ onpa siell√§ varsin kiemuraisia tierakaisuja. Nyt sy√∂m√§√§n kuten maassa tapana siis my√∂h√§√§n ;)"
"May 27, 2015, 10:10:59 PM","No pikkuhiljaa alkaa taas kulkemaan kun saa lenkkej√§ alle ja rutiinia tekemiseen. Yrit√§n viel√§ t√§ll√§  lyhyehk√∂ll√§ reissulla v√§ltell√§ vertaamista  2013 syksyyn jolloin olin luultavasti ""el√§m√§ni kunnossa"". Parasta nyt on ollut se, ett√§ keskisyke on laskemaan p√§in eli kunto ja hapenottokyky on nousujohteista. Vasen k√§sikin tuntuu paremmalta kuin aikoihin."
"May 30, 2015, 2:34:49 PM",Great job
"Jun 2, 2015, 7:00:02 AM","Oli tyynt√§ ja tasaista, sill√§ suuri vaikutus, tosin keskisyke 121 kertoo sen,  ett√§ ei ollut n√§emm√§ paljoa yrityst√§ ;) Renkaat: Continental RaceKing 2.2"
"Jun 2, 2015, 7:19:31 AM","En osaa verrata, hyvi√§ molemmat, t√§√§ll√§ Race ja Suomessa X."
"Jun 3, 2015, 7:52:38 PM",Mist√§s tuollainen huomio/analyysi? Ihan normimeininki√§ ellei liikenne ja tuuli sotke kuvioita. Kiitos kuitenkin...
"Jun 3, 2015, 7:55:55 PM","Suosittelen Polar v650. My√∂s Five Ten kenki√§ polkimille, jotka sullakin on. Perustelen joskus my√∂hemmin."
"Jun 3, 2015, 8:40:17 PM","Olosuhteet hyv√§t (shortiskelit ;) ), paitsi sais olla v√§h√§n viile√§mp√§√§, juuri ja juuri riitt√§√§ 1 vesipullollinen vett√§."
"Jun 27, 2015, 6:58:23 PM","Tuolla varmaan kerkee ;) Ostin min√§kin uuden ""hepan"" http://2013.feltracing.com/Switzerland/2013/Mountain%2026/Six-Series/Six-2.aspx 
Piti ostaa Nine 2 mutta p√§√§dyin em. kun oli sopivasti ""halpuutettu"". Onko se sun Felt malli Nine 2 vai mik√§ (arvailin Tahko kuvastasi)?"
"Jun 27, 2015, 7:02:17 PM","Rankalta n√§ytt√§√§ korkeusprofiili ja muutenkin maastopolut haastavia. Oliko lliukastakin (kurasta p√§√§tellen),? varmaan siell√§kin satoi?"
"Jun 28, 2015, 2:59:01 PM","Vaikuttaa ""k√§rsiv√§llisyystestilt√§"" ;) En itek√§√§n juuri  maastoa ajele(vaikkakin vain maastureita omistan), hiekkateit√§/-osuuksia m√∂kin l√§hipiiriss√§ ja silloin t√§ll√∂in ulkoilureittej√§ mm. Neulaniemess√§ ja Puijolla. "
"Jun 28, 2015, 3:03:50 PM","Itelle tuli t√§n√§√§n alaselk√§√§n ""tuntemuksia"", t√§ss√§ uudessa fillarissa tanko on jonniin verran alempana (my√∂s hieman leve√§mpi), geometria siis hieman  erilainen kuin mihin olen tottunut Q920 mallissa."
"Jul 1, 2015, 8:41:32 PM","K√§vin testaan l√§hiymp√§rist√∂n hiekkateit√§, ihan mukava oli ajaa vaiheteeksi kun ei oltu levitetty soraa ainakaan viel√§, Nine 2 olis varmaan ihan sopiva peli noille, cyclocrosseista ei mit√§√§n tietoa/kokemusta, mulle maasturi juurikin oikea valinta, 29er on varmaan seuraava hankinta (sitten joskus tulevaisuudessa mik√§li viel√§ py√∂r√§ily kuvioissa)."
"Aug 25, 2015, 4:39:28 PM","Kova suoritus maasturilla, mutta laiska syd√§n kun keskisyke vain 105 ;)"
"Sep 25, 2015, 9:24:21 PM",Thank you Pedro.
"Oct 4, 2015, 12:48:08 PM","Mites polvi? Itell√§ pikku vaivoja, alkaa onneksi helpottaan..."
"Oct 9, 2015, 6:23:25 PM","Totta, ""eksoottinen"" reitinvalinta?"
"Oct 10, 2015, 2:36:30 PM",Hyv√§ 
"Oct 14, 2015, 8:23:48 PM",No k√§vik√∂ k√∂pel√∂sti? mustaa j√§√§t√§ ja kes√§renkaat?
"Oct 14, 2015, 8:24:31 PM",Saat siit√§ hyv√§st√§ kudoksen ;)
"Oct 15, 2015, 1:04:36 PM","Vois luulla ett√§ harrastat py√∂r√§suunnistusta umpimets√§ss√§, mutta varmaan etuk√§teen suunniteltu reitti..."
"Oct 15, 2015, 1:06:28 PM",Onneksi pienet ruhjeet ei menoa haittaa...
"Oct 15, 2015, 2:15:04 PM","K√§vitk√∂ ""nuotittamassa""? Oliko liukasta? Mitk√§ renkaat sulla noilla mets√§poluilla?"
"Oct 21, 2015, 6:53:15 AM","No joo vahingossa tuli ""normaalia"" pidempi lenkki, ei ollut suunnitelmissa."
"Oct 22, 2015, 6:36:52 PM","Keskisykkeest√§ p√§√§tellen ei niink√§√§n kova, tosin tuli v√§h√§n ylim√§√§r√§ist√§ suunnittelematonta hiekkatieajoa kun missasin yhden k√§√§ntymisen."
"Oct 22, 2015, 7:11:04 PM","Huonoo tuuria, tilastokaatumisia, poikkeuksellista kun itell√§ ei ole t√§n√§ vuonna ollut ""rengasongelmia"". Pit√§√§k√∂ jo vaihtaa"
"Oct 22, 2015, 7:11:36 PM",nastarenkaat?
"Oct 22, 2015, 7:30:47 PM","Samoja kun ennenkin, x-kingeill√§ ajanut eri olosuhteissa ja alustoilla, 0 kaatumista koskaan. Kokeile vaikka Race Kingej√§. Ootko ajetellut 2.4 leveit√§?"
"Oct 22, 2015, 7:54:51 PM","Joo sis√§kumit isommat, kannattaa nekin tilata netist√§, usein ""halpuutettu"". Paino vissiin suhteessa hintaan, fold taittuu pieneen tilaan, wire ei."
"Oct 23, 2015, 7:35:18 PM","Pyyd√§n, koska p√§√§set tuleen? ens kuun 18 paluu Tesomalle, joten sit√§ ennen bienvenidos viivalle. Mietin viikonlopun ostanko uudet kiekot, tehtiin tarjous. Takakiekko akselissa ylim√§√§r√§ist√§ kitkaa, alkaa olla kilometrit t√§ynn√§.
 Laitan kohta meili√§."
"Oct 23, 2015, 7:46:29 PM","Siis millainen, teitk√∂ kuperkeikkoja tms.? Onko siell√§ s√§kkipimeet√§?"
"Oct 28, 2015, 9:07:48 PM","No joo, ei ihan viel√§, 2013 oli 65 p√§iv√§√§ putkeen keskim√§√§rin 55km p√§iv√§ss√§. Jalat oli t√§n√§√§n v√§h√§n makaroonia, muuta"
"Oct 28, 2015, 9:10:24 PM","Alhauron el Grandessa ampiainen pisti sis√§reiteen, viel√§kin kippee. Eilen testasin uusia kiekkoja, 3,8km niin ketjut katkes, kiitti silti kudoksesta, olin saanut tuosta mahtavasta suorituksesta 2 kudosta, aika hyvin "
"Oct 30, 2015, 3:21:31 PM","Joo ihan jees, meinaatkos viel√§ joskus ajaa sen? "
"Oct 30, 2015, 3:55:01 PM","Jospa samaan aikaan. V√§h√§n lis√§aikaa tolle fillarille, uudet kiekot tuli ostettua, nyt tilaukseen ketjut ja pakka, laitan mailia kohta, yx kysymys."
"Nov 10, 2015, 2:36:28 PM",Oho ;)
"Nov 10, 2015, 4:43:03 PM","Testasin uusia osia eritt√§in tutulla reitill√§, toimii."
"Nov 10, 2015, 6:37:38 PM","Uudet osat olivat voimansiirtoon (ilman vaihtajia)... nyt ""normaalia"" suuremmat rattaat edess√§ (Teeth: 48 36 26)"
"Nov 10, 2015, 6:49:45 PM","Niin v√§h√§n ajattelin kun tilasin, mutta en ainakaan t√§n√§√§n kaivannut ""supervaihdetta"", edelliset v√§litykset oli kyll√§ ihan ok."
"Nov 10, 2015, 7:14:11 PM","No, joo. Itsesuojeluvaisto toimii viel√§ ja jarrujen k√§ytt√∂kin sallittua, nopeusrajoituksiakin noudatetaan ;)"
"Nov 11, 2015, 5:18:12 PM",Kudos siit√§ ;)
"Nov 11, 2015, 8:15:14 PM","Ihan mukavasti meni, ""sykekin pysyi hyviss√§ rajoissa vaikkakin nousua oli ""riitt√§v√§sti"". Almogia on kyl√§ 400m korkeudessa.
Takarengas oli taas jotenkin oudon ep√§vakaa verrattuna edellisiin Malagan reissuihin."
"Nov 11, 2015, 9:39:51 PM","Taitaa olla kumit entiset, vaikkakin hyvin kuviota viel√§ j√§ljell√§, ostettu n. 2 vuotta sitten, ajettu n. 4500km. En keksi muuta syyt√§."
"Nov 11, 2015, 10:05:34 PM","Oli joo... ""vanhat"" kumit ei vaan toimi mun k√§sittelyss√§ ;) vaihdoin ne p√§ikseenkin, sama juttu ett√§ n. 20 km j√§lkeen tuntuu oudolta."
"Nov 11, 2015, 10:49:08 PM",Continental Race King 2.2 wired
"Nov 11, 2015, 11:07:46 PM","√ñit√§, t√§√§ll√§ ei viel√§ nukkumaan klo vasta puoleny√∂n..."
"Nov 15, 2015, 7:38:56 PM","Hola, p√§√§tavoite saavutettu. Ehk√§ paras suoritus koskaan. Noin korkealla ei ole tullut koskaan py√∂r√§ilty√§/k√§yty√§ eik√§ noin paljon nousu metrej√§. Muuten meni mukavasti mutta Casamermejassa oli reitti hukassa, huonosti informoitu. P√§√§tin sitten menn√§ Almogian kautta mutta tulin j√§rkiini ja palasin hakemaan suunniteltua reitti√§.
Yll√§tt√§v√§n hyviss√§ voimissa viel√§, mutta en nyt l√§htis uudestaan ;)"
"Jan 9, 2016, 9:56:19 AM","Joo, k√§sille uusi ""virirys""..."
"Jan 9, 2016, 10:42:38 AM","Parempi sit olla sis√§ll√§ ja ""nostella puntteja"", ulkona pieni tupakkilenkki..."
"Jan 9, 2016, 5:09:45 PM","No joo, ihan kohtuullinen moottori..."
"Mar 11, 2016, 4:57:03 PM",Mut periks ei annata vaik tekk√∂√∂ kipi√§√§
"Mar 20, 2016, 4:24:56 PM","Joo ei, tahmeeta menoo..."
"Apr 27, 2016, 6:21:48 PM","Melkoosen hyv√§ ja pitk√§ suoritus, kudoksen arvoinen..."
"Jun 24, 2016, 2:45:17 PM",Haaskaa Jussia Kuopiosta
"Feb 6, 2017, 7:50:17 PM",Onnex vaan mittarista...
"Feb 11, 2017, 11:38:58 PM",Cold? We had only minus 9‚ÑÉ & snow üòä
"Feb 12, 2017, 4:57:57 PM",Es correcto üòâ
"Feb 14, 2017, 7:49:09 PM",Wau...
"Feb 21, 2017, 6:44:47 PM",Ei ole uusia osia viel√§ paikoillaan...
"Jun 8, 2017, 5:02:42 AM","Hola, no hablo espa√±ol, vale usted tiene siempre m√°s caliente que nosotros. En el invierno tengo cubierta de invierno.
http://www.chainreactioncycles.com/es/es/cubierta-de-invierno-schwalbe-ice-spiker-pro-raceguard/rp-prod123204"
"Jun 18, 2017, 7:35:04 PM","En uskonut olevan edes mahdollista, kudoksen arvoinen suoritus..."
"Mar 29, 2018, 6:31:11 PM","Si, est√° muy caliente..."
"Jun 4, 2018, 3:58:38 PM",Hyv√§ veto...
"Aug 9, 2018, 4:59:35 PM","Hola, Proximo ano con suerte. (no hablo espanol, lo siento)"
"Dec 23, 2018, 8:51:59 PM","-18.3¬∞C right now, the only way to keep warm is cycling ;)"
"Feb 2, 2019, 7:05:05 PM",No muy caliente ;)
"Apr 27, 2019, 1:44:02 PM","Syksymm√§ll√§ voisin ottaa osaa Kallaveden kierrokselle, pit√§√§ ""ehk√§"" viel√§ treenata pitemm√§n matkan k√§rsiv√§llisyytt√§ ;)"
"Mar 2, 2020, 9:16:15 PM","Pretty normal weather, winter is back"
"Mar 2, 2020, 9:43:40 PM","Pretty normal winter temperature, more than -10¬∞C feelIng ""a little bit"" cold"
"Mar 22, 2020, 12:59:16 AM",Muy rapido...
"Mar 22, 2020, 1:22:35 AM","
We don't have restrictions at this point of situation yet, but citizens age of 70 or more (the high risk group) has some recommendations to stay in."
"Apr 2, 2020, 1:43:51 PM","I will be fine and the bike too, right knee and elbow are sore, mostly mental injury ;)  ps. there was some ice by accident"
"Aug 1, 2020, 7:54:08 PM","Ei huono, kohtuullinen hintalaatusuhde..."
"Aug 24, 2020, 5:33:06 PM","Kova veto, mill√§ fillarilla?"
"Aug 25, 2020, 3:58:55 PM",Ok
"Jun 20, 2021, 1:30:55 PM",How are you?
"Jul 11, 2021, 5:05:21 PM","Extraordinary,  feels like Spain ;)"
"Nov 28, 2021, 8:31:06 PM","Hi, it's pretty normal for us at winter season, clothing issue, but fingers are the weakest link, feet second...."
"Dec 5, 2021, 8:44:19 PM",My fingers agree...
"Dec 6, 2021, 6:38:00 PM","I also need new mittens, but still challenging to keep fingers warm under -10 degrees. Have you any tricks/patents?"
"Jan 6, 2022, 5:07:56 PM","Thanks, but which corrector?"
"Jul 17, 2022, 12:35:27 AM","Welcome here especially at winter season (you will get familiar with minus degrees, snow, ice), let me know when you have arrived ;)"
"Jul 17, 2022, 11:21:54 AM","Yep,  cycling is one way to stay warm in winter.
This looks fun
https://www.youtube.com/watch?v=XVzSRWs9en4"
