Route Name,Route Filename
Saunalenkki,routes/1.gpx
XC2,routes/2.gpx
XC,routes/3.gpx
AutoPekka,routes/4.gpx
test,routes/5.gpx
Nokia,routes/6.gpx
Plan B,routes/7.gpx
the plan,routes/8.gpx
the plan,routes/9.gpx
aeg,routes/10.gpx
testing4,routes/11.gpx
testing2,routes/12.gpx
testing,routes/13.gpx
test3,routes/14.gpx
test2,routes/15.gpx
check elevation,routes/16.gpx
Short ride,routes/17.gpx
Test,routes/18.gpx
"11/14/2012 Malaga, Andalusia, Spain",routes/19.gpx
"10/11/2013 Málaga, Andalucía, Spain",routes/20.gpx
"10/18/2013 Málaga, Andalucía, Spain",routes/21.gpx
"10/27/2013 Málaga, Andalucía, Spain",routes/22.gpx
"11/10/2013 Málaga, Andalucía, Spain",routes/23.gpx
"11/16/2013 Málaga, Andalucía, Spain",routes/24.gpx
"14/10/2014 Málaga, Andalusia, Spain",routes/25.gpx
"07/10/2014 Málaga, Andalusia, Spain",routes/26.gpx
Alora,routes/27.gpx
xxx,routes/28.gpx
oma2,routes/29.gpx
oma2,routes/30.gpx
oma,routes/31.gpx
